Round,Avg Time (s),Accuracy,F1 Score
1,0.1812056170569526,1.0,1.0
2,0.5804365475972494,1.0,1.0
3,0.8726105425092909,1.0,1.0
